{"input_size": 9, "output_size": 9, "neurons": {"0": [0.6252376713393711, 22, 1.0106642094044709], "1": [0.3934076762776717, 30, 0.9837007654866728], "2": [0.4866381994631527, 47, 0.9397022915643736], "3": [0.11105823019779357, 19, 1.0065593581498946], "4": [1.0773686467786545, 44, 1.0014402703258896], "5": [0.7425067541175242, 27, 1.0109431658156272], "6": [0.6481541330173678, 38, 1.0038698182029315], "7": [0.2377495454532036, 38, 1.0021917974690362], "8": [0.3460628277747525, 16, 1.0004023433201779], "9": [0.14191142651916222, 16, 0], "10": [0.6560597852909577, 36, 1.001444204506157], "11": [0.4655498734021547, 26, 1.003669125657377], "12": [0.7667415260366512, 58, 1.0012729547167127], "13": [0.20799218828291066, 40, 0], "14": [0.2459327711480187, 47, 1.008517257819078], "15": [0.6387516798538392, 30, 0], "16": [0.3735825581508505, 16, 0], "17": [0.8071348929607819, 10, 0.6387516798538392], "18": [0.980106455858202, 11, 1.006970975790488], "20": [0.8279387205965063, 4, 0.6024570520141644]}, "connections": {"2": [11, 3, 0.48734450545645136, 8], "3": [12, 5, 0.3380997202657472, 8], "5": [14, 5, -0.08744768864185914, 8], "6": [15, 7, -0.547457098317998, 8], "7": [16, 1, -0.16650412096803735, 8], "9": [11, 5, 0.9468603900588761, 7], "12": [12, 6, 0.9226322088544936, 7], "16": [12, 6, 0.573150080618271, 7], "20": [17, 4, -0.011180165238541706, 6], "21": [4, 11, -0.7074102965063649, 6], "22": [13, 4, -0.9191421795733983, 6], "25": [10, 8, -0.13244407639688194, 6], "26": [13, 4, 0.5157140948037506, 6], "27": [13, 2, 0.7534092680183625, 6], "30": [14, 7, 0.1286632979932194, 6], "31": [15, 1, 0.8698500334887613, 6], "33": [14, 7, -0.20477581662598654, 5], "34": [7, 14, -0.0490662978029532, 5], "35": [9, 4, -0.9108555622556227, 5], "36": [13, 7, -0.3723536790738544, 5], "37": [12, 2, -0.10234165725848676, 5], "40": [2, 12, 0.056356642064781415, 5], "41": [12, 2, -0.1774438989232925, 5], "43": [12, 3, 0.9368181740039063, 4], "46": [13, 6, -0.056105677568710766, 4], "49": [10, 1, 0.37814778880061284, 4], "50": [2, 10, -0.17288736749054023, 4], "51": [12, 2, -0.2572057112798942, 4], "54": [10, 0, 0.6086561927743925, 4], "55": [15, 0, 0.011091415156783802, 4], "58": [16, 6, 0.1198193200395068, 4], "60": [12, 8, -0.4866221291796542, 4], "63": [10, 4, -0.4260121626908344, 4], "64": [3, 1, -0.8074938923031346, 4], "65": [13, 6, -0.6568207048176824, 3], "67": [12, 2, 0.8628629434156458, 3], "68": [6, 18, -0.006175105793570834, 3], "69": [14, 18, -0.12571478027818017, 3], "70": [10, 0, -0.9144323010050615, 3], "73": [14, 7, 0.9518330172121083, 3], "76": [10, 7, 0.4495655874600495, 3], "77": [9, 18, 0.09470997300039974, 3], "78": [15, 18, -0.9052796297001244, 3], "79": [2, 1, 0.07291288335377338, 3], "80": [12, 4, -0.7814986519214373, 3], "81": [14, 6, -0.9069827241633965, 3], "84": [13, 7, 0.755839127331418, 3], "87": [14, 2, -0.9609744717803439, 3], "88": [2, 18, 0.931627309841693, 3], "89": [15, 18, -0.5778232264005654, 3], "91": [18, 19, -0.7545053640005415, 2], "92": [0, 19, -0.2793719996359796, 2], "93": [10, 0, 0.12206118644646047, 2], "94": [11, 0, 0.07016749325636717, 2], "95": [8, 20, -0.16780641036334187, 2], "97": [14, 0, 0.814734764151295, 2], "98": [0, 21, 0.6719040886301355, 2], "99": [6, 21, -0.40573429395014665, 2], "100": [19, 8, -0.9388775450470896, 2], "101": [16, 4, 0.7332888065907541, 2], "104": [15, 2, 0.474843127133056, 1], "107": [10, 8, -0.3975998652433195, 1], "108": [12, 12, -0.6414134664421898, 1], "109": [15, 3, 0.9656719684343367, 1], "110": [17, 6, 0.23237989835241768, 1], "111": [16, 18, 0.3673365662946466, 1], "112": [14, 18, 0.4471770468201086, 1], "113": [12, 6, -0.380753249865019, 1], "114": [9, 19, -0.16003069060369035, 1], "115": [0, 19, -0.682542492361208, 1], "116": [18, 14, -0.1279078540807963, 1], "117": [14, 5, 0.8271707650513414, 1], "118": [15, 20, 0.4478884284852458, 1], "119": [1, 20, -0.9229255401402037, 1], "120": [13, 4, -0.4599256132347356, 1], "121": [14, 1, -0.12177693299999182, 1], "122": [9, 21, -0.22830230910718652, 1], "123": [11, 21, -0.4013699884582893, 1], "124": [9, 10, 0.07855867211799605, 1], "125": [9, 4, 0.5122213153544768, 1], "126": [15, 17, -0.04212806237312616, 1], "127": [14, 6, -0.5886934533697434, 0], "128": [2, 22, 0.14644585585378977, 0], "129": [9, 22, 0.33594544830333706, 0], "130": [10, 2, 0.8403419496413052, 0]}, "input_ids": [9, 10, 11, 12, 13, 14, 15, 16, 17], "output_ids": [0, 1, 2, 3, 4, 5, 6, 7, 8]}