{"neurons": {"0": [0.7393221241467713, 0, 1], "1": [-1.107130831926437, 0, -1], "2": [0.29974592248483134, 0, 1], "3": [0.7940616753863967, 0, -1], "4": [-0.8196343391702203, 0, -1], "5": [0.41153372480692685, 0, 1], "6": [-0.22546428395804874, 0, 1], "7": [-0.13051865795184625, 0, 0], "8": [-1.497823403581383, 0, -1], "9": [-2.920193628194358, 0, 1], "10": [0.18594236934345632, 0, 1.6949525516404425], "11": [-2.340966269383885, 0, -1.6704831346919424], "12": [3.118056641094057, 0, -3.5226010444084306], "13": [-1.7200155445817422, 0, 1.9477543951033573], "14": [3.16481241778908, 0, 2.69959084937482], "15": [0.38357299683165347, 0, 1.405928178785448], "16": [-0.03466059603777483, 0, 2.724591457020976], "17": [-5.282504659617492, 0, -3.9811225017756895], "18": [-1.2098371340962708, 0, 5.205641712313211], "19": [1.4000183693553958, 0, 0.4549757168417642], "20": [0.43201934799239505, 0, 1.0685774296888075], "21": [0.2355330841331995, 0, -0.07494871540366921]}, "connections": {"0": [6, 18, 1.155728774922406, 0], "1": [4, 0, -0.35121188381578317, 0], "2": [12, 10, 0.5394154029008065, 0], "3": [4, 6, -0.8339013095092895, 0], "4": [3, 13, -0.4342261505256877, 0], "5": [5, 10, -0.9352853155405845, 0], "6": [11, 5, -0.20746800751554262, 0], "7": [17, 21, 0.4040671580927808, 0], "8": [5, 19, -0.5344803750766196, 0], "9": [8, 18, 0.4170206398890175, 0], "10": [1, 0, 0.6899987843111375, 0], "11": [11, 14, -0.0032478927044667927, 0], "12": [13, 2, -0.8380191188786752, 0], "13": [2, 8, 0.466226180401506, 0], "14": [15, 5, -0.6786429598371859, 0], "15": [1, 18, -0.5456568512822964, 0], "16": [7, 1, -0.8570258383554872, 0], "17": [15, 14, -2.014673476058414, 0], "18": [7, 10, 0.8103365876219446, 0], "19": [3, 0, -0.7470214462541616, 0], "20": [4, 8, 2.1450444307981815, 0], "21": [14, 18, -0.7429775051490564, 0], "22": [12, 18, -3.3092826715085675, 0], "23": [3, 15, -0.5211675176087618, 0], "24": [13, 4, 0.20965400302972648, 0], "25": [2, 1, 0.20529330246502964, 0], "26": [16, 0, -0.40434568543938454, 0], "27": [2, 10, 1.3493136725006603, 0], "28": [16, 6, -1.3221010778918325, 0], "29": [13, 15, -0.6595297622566498, 0], "30": [12, 5, 0.19803999947914508, 0], "31": [7, 18, 1.4367000048345282, 0], "32": [12, 14, -0.6325226747164898, 0], "33": [3, 8, -0.04742475014035907, 0], "34": [6, 0, 0.229456995955984, 0], "35": [3, 17, -0.34012567957987216, 0], "36": [5, 14, -0.20649529211327988, 0], "37": [11, 0, 1.0236608488933165, 0], "38": [17, 13, -1.0422366814343977, 0], "39": [11, 9, -0.025614030142425692, 0], "40": [11, 6, -2.192109426921471, 0], "41": [15, 0, -1.0363776879112503, 0], "42": [16, 8, 0.09153917898239272, 0], "43": [13, 21, 0.6664901175622655, 0], "44": [1, 19, -0.1844566555936955, 0], "45": [15, 18, 1.1490265674046005, 0], "46": [7, 14, 0.9416220115040288, 0], "47": [6, 12, -2.2097511490170665, 0], "48": [3, 4, 1.4193971742250895, 0], "49": [14, 1, -0.14204236094839273, 0], "50": [17, 0, -1.3851564907491252, 0], "51": [4, 12, -0.1817361812396161, 0], "52": [17, 9, -0.17698661364996005, 0], "53": [9, 5, 0.712838532327682, 0], "54": [11, 2, -1.1175498798458579, 0], "55": [17, 6, -1.5029732389810353, 0], "56": [4, 18, -1.4881508332045679, 0], "57": [9, 14, 0.10177108382139588, 0], "58": [11, 8, 0.3913245042585167, 0], "59": [16, 4, 1.697203365851132, 0], "60": [10, 18, -0.6881743612415188, 0], "61": [11, 17, 1.209150802882094, 0], "62": [2, 14, -0.09735821973284198, 0], "63": [13, 14, 0.8575787620463191, 0], "64": [16, 10, 1.354360716758762, 0], "65": [15, 8, 1.2549202344875432, 0], "66": [7, 16, -0.3914853791615309, 0], "67": [7, 13, 0.17328840386908673, 0], "68": [5, 0, -1.400190257168823, 0], "69": [17, 2, -0.002964348833348174, 0], "70": [3, 12, 1.1063695992755367, 0], "71": [11, 4, -0.6978496295721202, 0], "72": [11, 1, -2.1513612204059953, 0], "73": [9, 16, 1.5221754623483763, 0], "74": [8, 14, -0.712082395295911, 0], "75": [9, 13, 0.03202627962826754, 0], "76": [10, 8, 0.8879960306303456, 0], "77": [6, 1, 0.13643879317146235, 0], "78": [8, 20, -0.5025854585140077, 0], "79": [18, 0, -1.1589693186596213, 0], "80": [2, 16, 2.96166804773135, 0], "81": [7, 6, 0.9105768905541889, 0], "82": [15, 19, -0.42322142909514193, 0], "83": [7, 15, 0.27406735332995447, 0], "84": [12, 8, 1.0917580546405683, 0], "85": [3, 14, -0.6587925859851105, 0], "86": [15, 12, -4.288180757616047, 0], "87": [9, 6, -0.6839894643052904, 0], "88": [11, 3, 0.6685181774288242, 0], "89": [10, 1, -0.604478103021761, 0], "90": [2, 0, -0.4116705061246937, 0], "91": [3, 20, -0.20255005287121208, 0], "92": [15, 6, 0.29342346120676766, 0], "93": [2, 6, -1.1122245299626004, 0], "94": [16, 5, -0.511439183240119, 0], "95": [7, 2, -0.9968811012486667, 0], "96": [13, 18, 0.03631307977163578, 0], "97": [11, 18, 1.2750715763084972, 0], "98": [2, 15, 2.191717836267343, 0], "99": [16, 14, -0.36917110862220337, 0], "100": [13, 6, 2.4428747552990124, 0], "101": [2, 18, -0.19271191820856481, 0]}, "input_ids": [0, 1, 2, 3, 4, 5, 6, 7, 8, 9], "output_ids": [10, 11, 12, 13, 14, 15, 16, 17, 18]}